x1, y1, x2, y2, d, a, t, dc
55, 31, 54, 33, 2.236, 2.678, 0, 0.447
59, 32, 62, 31, 3.162, -1.249, 0, 0.949
48, 34, 90, 48, 45.264, -1.908, 0, 0.944
75, 34, 133, 34, 58.000, -1.571, 0, 1.000
51, 36, 50, 37, 1.414, 2.356, 0, 0.707
67, 36, 83, 51, 21.932, -2.324, 0, 0.730
48, 37, 47, 41, 4.123, 2.897, 0, 0.243
64, 38, 63, 40, 2.236, 2.678, 0, 0.447
83, 39, 128, 35, 45.177, -1.482, 0, 0.996
134, 39, 135, 43, 4.123, -2.897, 0, 0.243
86, 40, 119, 31, 34.205, -1.305, 0, 0.965
35, 42, 74, 58, 42.832, -1.974, 0, 0.920
82, 43, 80, 50, 7.571, 2.929, 0, 0.211
31, 45, 97, 47, 66.967, -1.608, 0, 0.999
118, 46, 119, 51, 5.099, -2.944, 0, 0.196
121, 47, 121, 52, 5.803, -3.107, 0, 0.034
106, 51, 108, 54, 4.224, -2.648, 0, 0.474
111, 53, 102, 64, 14.213, 2.456, 0, 0.633
159, 55, 118, 138, 92.223, 2.691, 0, 0.436
63, 56, 59, 37, 19.416, 0.207, 0, 0.206
96, 58, 88, 45, 15.264, 0.552, 0, 0.524
34, 59, 35, 63, 4.123, -2.897, 0, 0.243
116, 59, 81, 64, 35.355, 1.713, 0, 0.990
40, 67, 41, 71, 4.123, -2.897, 0, 0.243
135, 67, 154, 124, 60.083, -2.820, 0, 0.316
58, 92, 32, 64, 38.210, 0.748, 0, 0.680
115, 135, 119, 138, 5.000, -2.214, 0, 0.800
48, 37, 46, 42, 4.948, 2.897, 0, 0.243
133, 39, 134, 43, 3.795, -2.820, 0, 0.316
118, 45, 116, 42, 4.561, 0.661, 0, 0.614
121, 46, 69, 36, 53.306, 1.367, 0, 0.979
116, 51, 72, 37, 46.739, 1.253, 0, 0.950
102, 58, 115, 40, 22.321, -0.633, 0, 0.591
116, 58, 35, 46, 82.400, 1.415, 0, 0.988
135, 66, 138, 67, 2.600, -1.966, 0, 0.923
38, 69, 40, 64, 5.367, -0.464, 0, 0.447
142, 116, 134, 108, 11.002, 0.816, 0, 0.729
151, 122, 142, 67, 56.159, 0.165, 0, 0.164
119, 47, 67, 34, 54.232, 1.319, 0, 0.968
105, 50, 106, 48, 2.930, -0.611, 0, 0.573
110, 53, 64, 34, 50.690, 1.181, 0, 0.925
115, 59, 62, 36, 57.975, 1.162, 0, 0.918
135, 66, 74, 58, 61.911, 1.437, 0, 0.991
132, 106, 135, 109, 4.087, -2.273, 0, 0.763
110, 53, 105, 57, 6.797, 2.206, 0, 0.805
79, 63, 80, 64, 1.440, -2.214, 0, 0.800
133, 107, 135, 109, 3.258, -2.356, 0, 0.707
62, 31, 61, 34, 3.162, 2.820, 1, 0.316
119, 31, 130, 37, 13.330, -2.055, 1, 0.885
125, 32, 120, 56, 24.495, 2.976, 1, 0.165
64, 34, 61, 38, 5.000, 2.498, 1, 0.600
72, 35, 111, 58, 46.202, -2.112, 1, 0.857
75, 36, 76, 43, 7.422, -2.897, 1, 0.243
50, 37, 52, 37, 2.807, -1.642, 1, 0.997
72, 37, 77, 37, 5.000, -1.571, 1, 1.000
125, 37, 127, 38, 2.608, -2.138, 1, 0.844
55, 39, 72, 69, 34.482, -2.626, 1, 0.493
74, 39, 63, 63, 26.582, 2.730, 1, 0.400
115, 40, 123, 38, 8.748, -1.387, 1, 0.983
47, 41, 44, 45, 5.000, 2.498, 1, 0.600
50, 41, 49, 42, 1.281, 2.467, 1, 0.625
116, 42, 87, 52, 30.676, 1.903, 1, 0.945
121, 43, 66, 42, 55.009, 1.553, 1, 1.000
88, 45, 86, 47, 2.828, 2.356, 1, 0.707
117, 45, 127, 34, 14.866, -0.738, 1, 0.673
60, 48, 57, 51, 4.243, 2.356, 1, 0.707
48, 51, 57, 60, 13.159, -2.324, 1, 0.730
66, 53, 82, 48, 17.528, -1.282, 1, 0.958
103, 53, 86, 52, 16.601, 1.559, 1, 1.000
109, 54, 103, 79, 25.859, 2.915, 1, 0.224
64, 55, 58, 60, 7.810, 2.266, 1, 0.768
41, 65, 55, 85, 24.413, -2.531, 1, 0.573
41, 71, 42, 68, 2.786, -0.367, 1, 0.359
135, 109, 144, 114, 10.296, -2.078, 1, 0.874
146, 120, 61, 103, 86.683, 1.373, 1, 0.981
58, 37, 57, 44, 7.034, 2.883, 1, 0.256
72, 37, 69, 42, 5.660, 2.583, 1, 0.530
115, 40, 114, 43, 2.683, 2.678, 1, 0.447
46, 42, 159, 131, 143.213, -2.241, 1, 0.783
120, 42, 120, 47, 5.603, -2.969, 1, 0.171
134, 43, 135, 46, 3.795, -2.820, 1, 0.316
87, 45, 89, 55, 9.504, -2.994, 1, 0.147
106, 48, 108, 54, 6.119, -2.944, 1, 0.196
80, 50, 119, 55, 38.873, -1.689, 1, 0.993
108, 54, 52, 46, 55.668, 1.441, 1, 0.992
111, 54, 53, 37, 61.016, 1.288, 1, 0.960
74, 58, 121, 48, 47.835, -1.343, 1, 0.974
40, 64, 44, 46, 19.110, -0.202, 1, 0.201
81, 64, 40, 145, 90.160, 2.672, 1, 0.453
141, 66, 54, 86, 89.944, 1.800, 1, 0.974
39, 73, 39, 80, 6.826, 3.054, 1, 0.088
135, 109, 35, 62, 111.122, 1.132, 1, 0.905
145, 118, 149, 123, 5.664, -2.406, 1, 0.671
87, 44, 61, 55, 28.770, 1.939, 1, 0.933
97, 47, 97, 52, 5.329, 3.006, 1, 0.135
106, 47, 48, 31, 60.846, 1.296, 1, 0.962
59, 48, 60, 51, 3.220, -2.678, 1, 0.447
90, 48, 89, 54, 5.937, 2.897, 1, 0.243
120, 51, 120, 57, 5.184, -3.142, 1, 0.000
105, 57, 56, 33, 54.936, 1.106, 1, 0.894
72, 59, 84, 74, 20.466, -2.456, 1, 0.633
80, 64, 80, 65, 0.671, 1.874, 1, 0.954
135, 109, 138, 111, 3.066, -2.105, 1, 0.861
145, 119, 53, 86, 97.660, 1.225, 1, 0.941
119, 139, 53, 86, 85.009, 0.893, 1, 0.779
79, 63, 79, 64, 0.911, 2.820, 1, 0.316
134, 108, 136, 112, 4.001, -2.614, 1, 0.504
48, 31, 64, 47, 23.562, -2.348, 2, 0.713
125, 31, 126, 35, 4.123, -2.897, 2, 0.243
47, 33, 87, 54, 45.710, -2.048, 2, 0.888
53, 37, 105, 84, 70.846, -2.309, 2, 0.740
77, 37, 76, 43, 6.203, 3.109, 2, 0.032
49, 38, 47, 38, 2.000, 1.571, 2, 1.000
124, 38, 77, 66, 54.708, 2.108, 2, 0.859
113, 40, 60, 55, 54.702, 1.854, 2, 0.960
53, 41, 52, 43, 2.236, 2.678, 2, 0.447
69, 42, 133, 35, 64.382, -1.462, 2, 0.994
77, 43, 75, 51, 8.713, 2.980, 2, 0.161
45, 47, 44, 52, 5.099, 2.944, 2, 0.196
86, 47, 112, 46, 26.801, -1.563, 2, 1.000
135, 47, 77, 65, 60.206, 1.886, 2, 0.951
121, 48, 85, 73, 43.829, 2.178, 2, 0.821
83, 50, 47, 51, 36.014, 1.599, 2, 1.000
61, 51, 133, 40, 72.835, -1.419, 2, 0.989
87, 52, 131, 36, 46.819, -1.222, 2, 0.940
107, 54, 50, 34, 60.407, 1.233, 2, 0.944
61, 55, 118, 39, 59.816, -1.310, 2, 0.966
89, 55, 85, 49, 7.211, 0.588, 2, 0.555
93, 56, 86, 54, 6.723, 1.379, 2, 0.982
112, 59, 106, 56, 6.708, 1.107, 2, 0.894
109, 61, 110, 67, 6.083, -2.976, 2, 0.164
104, 79, 127, 54, 34.106, -0.748, 2, 0.680
39, 80, 152, 127, 122.385, -1.965, 2, 0.923
144, 114, 70, 112, 73.459, 1.548, 2, 1.000
160, 133, 54, 92, 112.924, 1.201, 2, 0.932
52, 37, 53, 51, 14.648, -3.109, 2, 0.033
130, 37, 131, 42, 4.804, -3.100, 2, 0.042
61, 38, 55, 39, 6.229, 1.667, 2, 0.995
127, 38, 126, 54, 16.327, 3.112, 2, 0.029
70, 39, 110, 63, 46.305, -2.116, 2, 0.855
54, 40, 64, 55, 17.368, -2.528, 2, 0.576
112, 40, 113, 47, 6.203, -3.109, 2, 0.032
49, 42, 48, 45, 3.231, 2.761, 2, 0.371
66, 42, 135, 51, 70.055, -1.712, 2, 0.990
111, 44, 59, 46, 52.624, 1.601, 2, 1.000
52, 46, 103, 44, 50.457, -1.523, 2, 0.999
55, 46, 86, 76, 42.755, -2.324, 2, 0.730
86, 52, 86, 57, 4.224, -3.142, 2, 0.000
97, 52, 126, 40, 31.516, -1.153, 2, 0.914
108, 54, 51, 42, 57.662, 1.361, 2, 0.978
88, 55, 89, 60, 4.804, -3.100, 2, 0.042
92, 56, 93, 61, 4.639, -3.012, 2, 0.129
103, 79, 104, 84, 5.559, -2.904, 2, 0.236
38, 80, 40, 87, 6.791, -2.904, 2, 0.236
138, 111, 71, 112, 67.001, 1.577, 2, 1.000
148, 122, 151, 127, 5.367, -2.678, 2, 0.447
120, 47, 127, 61, 15.036, -2.714, 2, 0.415
60, 51, 57, 57, 6.440, 2.678, 2, 0.447
86, 51, 112, 46, 26.552, -1.352, 2, 0.976
120, 56, 57, 57, 63.942, 1.584, 2, 1.000
108, 60, 84, 60, 23.040, 1.571, 2, 1.000
79, 64, 77, 66, 2.036, 2.356, 2, 0.707
53, 86, 136, 52, 89.588, -1.177, 2, 0.923
120, 57, 66, 48, 55.696, 1.408, 2, 0.987
53, 86, 55, 91, 5.464, -2.820, 2, 0.316
125, 31, 47, 32, 78.006, 1.584, 3, 1.000
47, 35, 133, 38, 86.267, -1.610, 3, 0.999
126, 35, 128, 37, 2.828, -2.356, 3, 0.707
126, 40, 124, 41, 2.236, 2.034, 3, 0.894
133, 40, 132, 43, 3.162, 2.820, 3, 0.316
111, 42, 109, 43, 2.236, 2.034, 3, 0.894
131, 42, 130, 45, 3.162, 2.820, 3, 0.316
122, 44, 92, 68, 38.360, 2.260, 3, 0.772
113, 47, 110, 56, 9.487, 2.820, 3, 0.316
62, 50, 62, 54, 4.020, -3.042, 3, 0.100
79, 50, 69, 67, 20.253, 2.632, 3, 0.488
47, 51, 48, 52, 2.059, -2.634, 3, 0.486
76, 51, 118, 62, 44.292, -1.831, 3, 0.966
115, 52, 114, 52, 1.281, 2.246, 3, 0.781
102, 60, 51, 46, 52.056, 1.300, 3, 0.964
93, 61, 127, 44, 38.013, -1.107, 3, 0.894
111, 64, 112, 70, 6.083, -2.976, 3, 0.164
77, 66, 123, 44, 50.990, -1.125, 3, 0.902
85, 73, 129, 44, 52.853, -1.004, 3, 0.844
42, 74, 64, 124, 55.682, -2.720, 3, 0.409
63, 110, 104, 155, 60.877, -2.403, 3, 0.673
71, 112, 43, 77, 44.822, 0.675, 3, 0.625
118, 39, 116, 42, 3.394, 2.356, 3, 0.707
51, 42, 51, 44, 2.088, 2.850, 3, 0.287
123, 42, 122, 43, 1.697, 2.356, 3, 0.707
126, 42, 127, 46, 4.948, -2.897, 3, 0.243
76, 43, 76, 57, 13.845, 3.086, 3, 0.055
48, 44, 52, 47, 4.771, -2.147, 3, 0.838
103, 44, 101, 58, 13.777, 2.981, 3, 0.160
112, 46, 81, 61, 34.363, 2.003, 3, 0.908
51, 48, 56, 47, 4.512, -1.347, 3, 0.975
75, 51, 69, 67, 17.070, 2.752, 3, 0.380
135, 51, 134, 54, 2.683, 2.678, 3, 0.447
115, 52, 114, 52, 1.442, 0.983, 3, 0.832
61, 54, 62, 57, 3.795, -2.820, 3, 0.316
87, 54, 88, 59, 5.016, -3.062, 3, 0.080
102, 60, 116, 46, 19.535, -0.829, 3, 0.737
127, 61, 48, 53, 79.623, 1.468, 3, 0.995
57, 44, 56, 47, 3.220, 2.678, 3, 0.447
112, 46, 87, 60, 28.370, 2.084, 3, 0.871
53, 51, 98, 63, 46.627, -1.826, 3, 0.968
82, 51, 46, 39, 38.297, 1.229, 3, 0.942
115, 51, 113, 53, 2.036, 2.356, 3, 0.707
135, 51, 66, 58, 69.633, 1.659, 3, 0.996
61, 54, 50, 44, 15.467, 0.840, 3, 0.745
86, 54, 109, 43, 25.545, -1.103, 3, 0.893
96, 57, 96, 62, 4.617, -3.079, 3, 0.062
84, 60, 119, 51, 35.624, -1.326, 3, 0.970
89, 60, 90, 61, 1.018, -2.356, 3, 0.707
97, 61, 102, 69, 8.696, -2.653, 3, 0.469
77, 66, 76, 68, 2.364, 2.723, 3, 0.406
60, 55, 58, 63, 8.093, 2.830, 3, 0.306
86, 57, 84, 63, 7.125, 2.897, 3, 0.243
93, 62, 92, 67, 5.592, 2.934, 3, 0.206
77, 65, 76, 67, 2.477, 2.521, 3, 0.581
105, 84, 122, 58, 31.412, -0.556, 3, 0.528
105, 85, 48, 53, 65.060, 1.061, 3, 0.873
47, 32, 108, 57, 66.154, -1.968, 4, 0.922
124, 33, 123, 36, 3.162, 2.820, 4, 0.316
128, 37, 127, 52, 15.820, 3.091, 4, 0.051
133, 39, 99, 70, 45.961, 2.326, 4, 0.728
49, 43, 88, 57, 41.565, -1.915, 4, 0.941
109, 43, 118, 40, 9.487, -1.249, 4, 0.949
51, 44, 66, 56, 19.497, -2.244, 4, 0.782
123, 44, 117, 43, 6.083, 1.406, 4, 0.986
127, 44, 124, 45, 3.162, 1.893, 4, 0.949
119, 45, 107, 53, 14.634, 2.196, 4, 0.811
56, 47, 90, 58, 35.989, -1.905, 4, 0.945
59, 48, 48, 48, 11.000, 1.571, 4, 1.000
77, 48, 79, 51, 3.606, -2.554, 4, 0.555
114, 52, 111, 53, 3.162, 1.893, 4, 0.949
63, 53, 83, 63, 22.361, -2.034, 4, 0.894
122, 53, 87, 69, 38.196, 2.020, 4, 0.901
110, 56, 106, 51, 5.398, 0.691, 4, 0.637
101, 58, 102, 60, 2.236, -2.678, 4, 0.447
88, 59, 90, 59, 2.000, -1.571, 4, 1.000
128, 60, 99, 64, 29.275, 1.708, 4, 0.991
91, 61, 44, 46, 48.702, 1.259, 4, 0.952
93, 62, 120, 49, 29.880, -1.128, 4, 0.904
110, 63, 72, 54, 39.051, 1.338, 4, 0.973
119, 63, 113, 47, 16.343, 0.326, 4, 0.321
98, 64, 100, 70, 7.200, -2.828, 4, 0.309
35, 71, 76, 123, 67.186, -2.470, 4, 0.622
43, 77, 44, 81, 4.123, -2.897, 4, 0.243
56, 98, 69, 133, 37.736, -2.773, 4, 0.360
124, 37, 129, 43, 7.161, -2.515, 4, 0.587
45, 38, 46, 44, 6.119, -2.944, 4, 0.196
133, 38, 135, 43, 4.940, -2.769, 4, 0.364
48, 42, 82, 50, 34.928, -1.802, 4, 0.973
116, 42, 120, 44, 4.118, -2.078, 4, 0.874
109, 43, 116, 51, 11.402, -2.431, 4, 0.653
122, 43, 123, 48, 4.948, -2.897, 4, 0.243
50, 44, 62, 58, 18.585, -2.453, 4, 0.635
56, 46, 57, 54, 7.299, -2.976, 4, 0.164
116, 46, 119, 49, 3.406, -2.273, 4, 0.763
127, 46, 129, 50, 4.327, -2.554, 4, 0.555
110, 56, 113, 63, 7.729, -2.692, 4, 0.435
62, 57, 127, 65, 65.967, -1.693, 4, 0.993
93, 62, 58, 54, 36.578, 1.339, 4, 0.973
98, 63, 100, 72, 8.736, -2.863, 4, 0.275
102, 63, 93, 58, 9.675, 1.052, 4, 0.868
85, 64, 63, 60, 22.713, 1.358, 4, 0.977
76, 68, 129, 31, 64.215, -0.949, 4, 0.813
43, 78, 69, 135, 62.567, -2.717, 4, 0.412
64, 124, 69, 133, 10.091, -2.699, 4, 0.428
129, 44, 128, 67, 22.592, 3.088, 4, 0.053
51, 46, 53, 50, 4.554, -2.820, 4, 0.316
76, 47, 79, 51, 4.994, -2.527, 4, 0.577
113, 53, 82, 62, 32.275, 1.857, 4, 0.959
80, 61, 111, 62, 30.360, -1.573, 4, 1.000
84, 64, 86, 64, 1.440, -1.571, 4, 1.000
69, 67, 114, 62, 45.190, -1.454, 4, 0.993
96, 62, 104, 76, 15.573, -2.659, 4, 0.464
84, 63, 82, 62, 2.444, 0.785, 4, 0.707
69, 67, 39, 39, 41.392, 0.815, 4, 0.728
100, 69, 31, 31, 79.026, 1.067, 4, 0.876
31, 31, 133, 54, 104.756, -1.792, 5, 0.976
129, 31, 132, 34, 4.243, -2.356, 5, 0.707
131, 35, 132, 40, 5.099, -2.944, 5, 0.196
123, 36, 109, 52, 21.260, 2.423, 5, 0.659
45, 39, 42, 43, 5.000, 2.498, 5, 0.600
118, 40, 117, 42, 2.236, 2.678, 5, 0.447
129, 43, 125, 46, 4.830, 2.262, 5, 0.770
135, 43, 135, 46, 3.847, -2.985, 5, 0.156
120, 44, 121, 47, 3.162, -2.820, 5, 0.316
47, 45, 46, 45, 0.632, 2.820, 5, 0.316
132, 48, 89, 60, 43.953, 1.859, 5, 0.959
82, 50, 84, 57, 8.156, -2.770, 5, 0.363
130, 50, 107, 65, 27.459, 2.149, 5, 0.838
79, 51, 109, 53, 30.525, -1.646, 5, 0.997
117, 52, 78, 72, 43.392, 2.065, 5, 0.880
85, 53, 84, 60, 7.480, 3.136, 5, 0.005
111, 53, 44, 87, 74.950, 2.054, 5, 0.885
58, 54, 104, 72, 49.396, -1.944, 5, 0.931
67, 56, 66, 62, 6.478, 2.987, 5, 0.154
90, 59, 63, 63, 27.295, 1.718, 5, 0.989
101, 59, 102, 64, 5.931, -2.931, 5, 0.209
63, 60, 60, 64, 5.000, 2.498, 5, 0.600
83, 63, 123, 59, 41.032, -1.474, 5, 0.995
94, 67, 99, 64, 5.831, -1.030, 5, 0.857
35, 69, 31, 67, 4.472, 1.107, 5, 0.894
88, 70, 87, 79, 9.209, 3.098, 5, 0.043
44, 81, 46, 105, 24.210, -3.056, 5, 0.086
116, 43, 108, 47, 9.220, 1.996, 5, 0.911
123, 45, 121, 46, 2.683, 2.034, 5, 0.894
94, 46, 105, 62, 18.707, -2.539, 5, 0.567
48, 48, 60, 67, 23.061, -2.570, 5, 0.541
114, 48, 79, 44, 35.228, 1.457, 5, 0.994
132, 48, 129, 48, 2.400, 1.571, 5, 1.000
52, 51, 99, 66, 49.007, -1.877, 5, 0.954
79, 51, 77, 57, 5.612, 2.882, 5, 0.257
127, 52, 103, 64, 26.833, 2.034, 5, 0.894
57, 54, 93, 65, 37.569, -1.886, 5, 0.951
72, 54, 47, 45, 26.571, 1.225, 5, 0.941
93, 58, 104, 80, 23.614, -2.686, 5, 0.440
102, 60, 106, 64, 6.788, -2.356, 5, 0.707
82, 62, 127, 32, 53.645, -0.968, 5, 0.824
98, 63, 99, 67, 4.191, -2.911, 5, 0.229
87, 64, 61, 67, 26.509, 1.661, 5, 0.996
110, 69, 106, 64, 6.147, 0.675, 5, 0.625
43, 82, 69, 117, 43.681, -2.493, 5, 0.604
76, 123, 47, 95, 41.304, 0.806, 5, 0.721
69, 133, 73, 139, 7.532, -2.607, 5, 0.510
122, 44, 79, 73, 51.787, 2.155, 5, 0.834
113, 47, 112, 49, 1.935, 2.622, 5, 0.496
119, 48, 100, 67, 26.580, 2.317, 5, 0.734
53, 50, 60, 60, 12.387, -2.521, 5, 0.581
116, 51, 86, 53, 30.274, 1.618, 5, 0.999
66, 56, 85, 64, 20.459, -1.979, 5, 0.918
89, 59, 90, 61, 3.220, -2.678, 5, 0.447
83, 61, 82, 60, 2.449, 0.670, 5, 0.621
97, 63, 93, 66, 5.192, 2.159, 5, 0.832
97, 67, 103, 79, 12.672, -2.712, 5, 0.417
102, 67, 103, 70, 3.169, -2.670, 5, 0.454
76, 123, 79, 127, 5.128, -2.476, 5, 0.618
67, 55, 70, 58, 4.888, -2.356, 5, 0.707
88, 57, 49, 54, 39.245, 1.494, 5, 0.997
108, 57, 94, 65, 16.869, 2.063, 5, 0.881
82, 62, 81, 60, 2.585, 0.547, 5, 0.520
86, 65, 123, 50, 40.432, -1.184, 5, 0.926
127, 65, 129, 69, 3.864, -2.678, 5, 0.447
88, 69, 87, 70, 1.728, 2.498, 5, 0.600
69, 133, 74, 142, 10.189, -2.642, 5, 0.479
99, 70, 99, 77, 6.636, -3.142, 5, 0.000
127, 32, 46, 93, 101.699, 2.221, 6, 0.796
32, 33, 95, 70, 73.649, -2.105, 6, 0.861
132, 34, 88, 48, 46.174, 1.879, 6, 0.953
107, 39, 130, 51, 25.942, -2.052, 6, 0.887
36, 40, 31, 45, 7.071, 2.356, 6, 0.707
132, 40, 82, 74, 60.033, 2.181, 6, 0.820
39, 42, 79, 50, 41.068, -1.777, 6, 0.979
117, 42, 118, 45, 3.162, -2.820, 6, 0.316
42, 43, 60, 75, 37.239, -2.637, 6, 0.483
112, 44, 131, 59, 24.207, -2.239, 6, 0.785
117, 45, 116, 47, 2.236, 2.678, 6, 0.447
122, 45, 102, 72, 33.601, 2.504, 6, 0.595
130, 45, 99, 63, 35.847, 2.097, 6, 0.865
125, 50, 102, 81, 39.084, 2.512, 6, 0.588
109, 52, 107, 55, 3.606, 2.554, 6, 0.555
79, 53, 78, 58, 5.886, 2.971, 6, 0.170
74, 54, 90, 69, 21.932, -2.324, 6, 0.730
110, 54, 111, 56, 2.236, -2.678, 6, 0.447
117, 54, 113, 52, 4.472, 1.107, 6, 0.894
129, 54, 99, 66, 32.311, 1.951, 6, 0.928
116, 56, 115, 58, 2.236, 2.678, 6, 0.447
72, 58, 70, 63, 5.727, 2.930, 6, 0.210
85, 58, 85, 62, 4.405, -3.096, 6, 0.045
109, 59, 107, 60, 2.236, 2.034, 6, 0.894
115, 59, 127, 35, 26.833, -0.464, 6, 0.447
82, 60, 81, 66, 6.083, 2.976, 6, 0.164
63, 63, 60, 74, 12.144, 2.933, 6, 0.208
99, 64, 123, 54, 26.517, -1.213, 6, 0.937
94, 65, 48, 101, 58.412, 2.235, 6, 0.788
107, 65, 104, 69, 5.000, 2.498, 6, 0.600
100, 67, 103, 75, 9.176, -2.785, 6, 0.349
99, 71, 34, 43, 70.774, 1.164, 6, 0.918
109, 79, 114, 34, 45.277, -0.111, 6, 0.110
45, 87, 46, 93, 6.083, -2.976, 6, 0.164
45, 89, 76, 132, 53.009, -2.517, 6, 0.585
47, 95, 53, 96, 6.083, -1.736, 6, 0.986
61, 109, 71, 106, 10.440, -1.279, 6, 0.958
66, 116, 64, 97, 18.620, 0.092, 6, 0.092
70, 117, 73, 123, 7.335, -2.690, 6, 0.436
73, 123, 77, 129, 7.211, -2.554, 6, 0.555
80, 128, 84, 134, 7.547, -2.583, 6, 0.530
75, 138, 79, 144, 7.211, -2.554, 6, 0.555
74, 142, 47, 96, 53.339, 0.531, 6, 0.506
121, 38, 106, 68, 33.277, 2.694, 6, 0.433
132, 39, 108, 55, 28.624, 2.147, 6, 0.838
116, 42, 117, 44, 2.683, -2.678, 6, 0.447
46, 45, 45, 49, 3.795, 2.820, 6, 0.316
108, 46, 111, 48, 3.231, -1.951, 6, 0.928
121, 46, 31, 41, 90.386, 1.507, 6, 0.998
103, 48, 130, 33, 30.712, -1.061, 6, 0.873
129, 48, 95, 66, 39.002, 2.050, 6, 0.887
112, 49, 110, 50, 2.264, 2.129, 6, 0.848
74, 54, 89, 70, 22.263, -2.410, 6, 0.668
82, 54, 81, 60, 6.119, 2.944, 6, 0.196
110, 54, 112, 60, 6.462, -2.761, 6, 0.371
116, 54, 113, 54, 2.736, 1.837, 6, 0.965
129, 54, 76, 129, 92.488, 2.528, 6, 0.576
133, 54, 135, 56, 2.691, -2.409, 6, 0.669
61, 55, 58, 61, 6.462, 2.761, 6, 0.371
96, 55, 98, 65, 10.758, -2.907, 6, 0.232
114, 57, 114, 63, 5.400, 3.142, 6, 0.000
60, 58, 60, 74, 15.511, -3.111, 6, 0.031
70, 60, 38, 48, 34.926, 1.220, 6, 0.939
124, 60, 129, 58, 4.960, -1.316, 6, 0.968
66, 62, 84, 62, 18.673, -1.561, 6, 1.000
93, 64, 125, 55, 32.894, -1.268, 6, 0.955
106, 64, 126, 44, 28.014, -0.755, 6, 0.685
79, 73, 124, 55, 48.632, -1.194, 6, 0.930
87, 75, 99, 54, 23.964, -0.513, 6, 0.491
87, 79, 88, 83, 3.821, -3.037, 6, 0.105
44, 87, 45, 93, 6.119, -2.944, 6, 0.196
69, 117, 75, 132, 15.600, -2.747, 6, 0.385
80, 128, 70, 105, 24.739, 0.399, 6, 0.388
125, 46, 96, 59, 32.004, 1.986, 6, 0.915
133, 47, 135, 50, 3.220, -2.678, 6, 0.447
109, 53, 112, 60, 7.755, -2.761, 6, 0.371
60, 54, 81, 62, 22.047, -1.917, 6, 0.941
95, 54, 95, 57, 2.304, -3.142, 6, 0.000
77, 57, 76, 66, 8.455, 3.028, 6, 0.114
80, 59, 49, 56, 31.551, 1.487, 6, 0.996
70, 60, 77, 69, 10.680, -2.494, 6, 0.603
66, 61, 66, 69, 7.684, 3.110, 6, 0.031
90, 61, 89, 67, 5.937, 2.897, 6, 0.243
102, 64, 100, 72, 7.343, 2.944, 6, 0.196
93, 66, 65, 69, 28.084, 1.674, 6, 0.995
99, 67, 107, 42, 26.792, -0.289, 6, 0.285
87, 70, 86, 76, 5.658, 2.884, 6, 0.254
46, 105, 47, 110, 5.937, -2.897, 6, 0.243
79, 128, 83, 135, 8.397, -2.601, 6, 0.514
73, 139, 79, 144, 7.200, -2.214, 6, 0.800
77, 57, 81, 58, 3.864, -2.034, 6, 0.894
108, 58, 109, 64, 5.626, -2.956, 6, 0.184
60, 60, 52, 62, 7.916, 1.816, 6, 0.970
65, 60, 58, 62, 7.125, 1.816, 6, 0.970
89, 60, 95, 69, 10.076, -2.601, 6, 0.514
105, 62, 87, 76, 23.023, 2.257, 6, 0.773
60, 67, 69, 73, 10.546, -2.182, 6, 0.819
100, 67, 112, 79, 16.535, -2.349, 6, 0.712
72, 124, 118, 42, 94.494, -0.511, 6, 0.489
79, 127, 104, 60, 72.163, -0.347, 6, 0.340
85, 64, 48, 56, 36.961, 1.349, 6, 0.976
91, 68, 99, 79, 13.935, -2.504, 6, 0.595
87, 70, 82, 74, 5.865, 2.356, 6, 0.707
103, 70, 38, 48, 69.050, 1.239, 6, 0.945
78, 72, 82, 74, 4.493, -1.966, 6, 0.923
99, 77, 32, 47, 73.953, 1.151, 6, 0.913
130, 33, 131, 36, 3.162, -2.820, 7, 0.316
114, 34, 116, 38, 4.472, -2.678, 7, 0.447
127, 35, 128, 40, 5.099, -2.944, 7, 0.196
107, 42, 106, 44, 2.236, 2.678, 7, 0.447
118, 42, 119, 45, 3.162, -2.820, 7, 0.316
123, 43, 60, 97, 83.216, 2.292, 7, 0.751
116, 47, 80, 134, 94.372, 2.755, 7, 0.377
38, 48, 38, 57, 9.608, -3.100, 7, 0.042
43, 48, 84, 60, 43.501, -1.862, 7, 0.958
80, 50, 79, 56, 6.450, 3.017, 7, 0.124
110, 51, 112, 56, 5.385, -2.761, 7, 0.371
130, 51, 112, 84, 37.213, 2.661, 7, 0.462
113, 52, 111, 51, 2.236, 1.107, 7, 0.894
136, 52, 135, 33, 19.026, 0.053, 7, 0.053
99, 53, 98, 57, 4.123, 2.897, 7, 0.243
111, 56, 110, 61, 5.921, 3.121, 7, 0.020
135, 56, 137, 57, 2.236, -2.034, 7, 0.894
79, 58, 78, 64, 6.083, 2.976, 7, 0.164
96, 59, 97, 61, 2.236, -2.678, 7, 0.447
51, 60, 49, 68, 8.246, 2.897, 7, 0.243
85, 62, 84, 67, 5.295, 2.952, 7, 0.189
71, 63, 75, 66, 5.000, -2.214, 7, 0.800
61, 64, 44, 54, 18.809, 1.055, 7, 0.870
87, 66, 77, 129, 63.789, 2.984, 7, 0.157
95, 66, 96, 70, 4.123, -2.897, 7, 0.243
74, 69, 59, 79, 18.028, 2.159, 7, 0.832
102, 72, 103, 72, 1.200, -1.571, 7, 1.000
112, 79, 126, 50, 32.166, -0.475, 7, 0.458
104, 84, 127, 51, 39.850, -0.621, 7, 0.582
46, 93, 48, 97, 4.472, -2.678, 7, 0.447
48, 101, 136, 56, 99.479, -1.103, 7, 0.893
48, 111, 87, 141, 49.944, -2.218, 7, 0.798
79, 144, 84, 150, 7.810, -2.447, 7, 0.640
79, 148, 80, 135, 13.038, -0.077, 7, 0.077
116, 38, 117, 40, 2.683, -2.678, 7, 0.447
106, 42, 127, 52, 22.540, -2.030, 7, 0.896
118, 42, 106, 73, 33.428, 2.774, 7, 0.359
127, 42, 133, 47, 7.658, -2.282, 7, 0.757
117, 44, 118, 47, 2.631, -2.989, 7, 0.152
126, 44, 105, 50, 21.734, 1.831, 7, 0.966
38, 48, 105, 70, 71.013, -1.893, 7, 0.948
43, 48, 40, 54, 6.462, 2.761, 7, 0.371
87, 48, 88, 53, 5.016, -3.062, 7, 0.080
116, 48, 114, 48, 2.400, 1.571, 7, 1.000
45, 49, 44, 55, 6.119, 2.944, 7, 0.196
79, 50, 75, 52, 4.327, 2.159, 7, 0.832
111, 51, 110, 50, 1.697, 0.785, 7, 0.707
108, 55, 106, 56, 1.697, 2.356, 7, 0.707
129, 58, 136, 57, 7.299, -1.406, 7, 0.986
50, 60, 53, 73, 13.257, -2.944, 7, 0.196
81, 60, 92, 44, 18.640, -0.602, 7, 0.567
108, 60, 39, 57, 69.065, 1.527, 7, 0.999
112, 60, 112, 62, 2.154, 2.761, 7, 0.371
58, 61, 61, 72, 11.063, -2.923, 7, 0.217
85, 62, 85, 61, 1.414, 0.142, 7, 0.141
76, 66, 81, 70, 6.788, -2.356, 7, 0.707
99, 66, 100, 67, 2.065, -2.521, 7, 0.581
103, 68, 81, 36, 39.276, 0.601, 7, 0.565
130, 74, 132, 79, 4.948, -2.897, 7, 0.243
60, 75, 31, 39, 46.696, 0.670, 7, 0.621
102, 81, 104, 85, 3.945, -2.610, 7, 0.507
45, 93, 48, 97, 4.327, -2.554, 7, 0.555
48, 111, 114, 37, 99.455, -0.726, 7, 0.664
73, 123, 85, 142, 22.642, -2.583, 7, 0.530
125, 44, 74, 84, 64.327, 2.229, 7, 0.791
115, 48, 123, 57, 12.219, -2.356, 7, 0.707
135, 50, 132, 47, 4.073, 0.785, 7, 0.707
74, 54, 73, 59, 4.554, 2.820, 7, 0.316
99, 54, 42, 48, 57.752, 1.454, 7, 0.993
48, 56, 66, 75, 25.851, -2.422, 7, 0.659
95, 57, 96, 60, 3.220, -2.678, 7, 0.447
92, 61, 90, 61, 1.440, 1.571, 7, 1.000
51, 63, 108, 49, 57.967, -1.320, 7, 0.969
99, 66, 102, 68, 3.411, -2.257, 7, 0.774
89, 67, 83, 155, 87.546, 3.070, 7, 0.072
103, 69, 127, 49, 30.800, -0.859, 7, 0.757
129, 73, 131, 77, 4.653, -2.761, 7, 0.371
82, 74, 66, 103, 32.567, 2.625, 7, 0.494
103, 76, 102, 77, 1.812, 1.955, 7, 0.927
46, 93, 47, 96, 3.220, -2.678, 7, 0.447
63, 97, 60, 98, 3.394, 1.713, 7, 0.990
124, 55, 129, 34, 21.784, -0.212, 7, 0.210
81, 58, 58, 83, 33.570, 2.378, 7, 0.692
58, 62, 53, 69, 8.640, 2.498, 7, 0.600
84, 62, 89, 74, 13.160, -2.737, 7, 0.394
70, 63, 69, 65, 2.444, 2.356, 7, 0.707
98, 65, 100, 67, 2.444, -2.356, 7, 0.707
65, 69, 31, 34, 49.346, 0.779, 7, 0.702
95, 69, 95, 72, 2.880, 3.142, 7, 0.000
100, 70, 101, 76, 5.464, -2.820, 7, 0.316
60, 74, 57, 84, 10.929, 2.820, 7, 0.316
76, 129, 34, 142, 43.823, 1.858, 7, 0.959
109, 64, 90, 74, 22.325, 2.041, 7, 0.891
89, 66, 85, 68, 4.637, 2.034, 7, 0.894
95, 70, 89, 74, 7.476, 2.159, 7, 0.832
87, 76, 90, 66, 11.111, -0.265, 7, 0.262
101, 80, 103, 85, 4.637, -2.678, 7, 0.447
64, 97, 76, 129, 34.321, -2.783, 7, 0.351
99, 79, 102, 84, 5.564, -2.678, 7, 0.447

